2025-12-02_22-15-40,0,draft.py:2025-12-02_22-15-40
2025-12-02_22-23-27,0,draft.py:2025-12-02_22-23-27
2025-12-02_22-23-41,0,draft.py:2025-12-02_22-23-41
2025-12-02_22-27-05,0,draft.py:2025-12-02_22-27-05
2025-12-02_22-28-58,0,draft.py:2025-12-02_22-28-58
2025-12-02_22-28-59,0,draft.py:2025-12-02_22-28-58
2025-12-02_22-29-00,0,draft.py:2025-12-02_22-28-58
2025-12-02_22-29-17,0,draft.py:2025-12-02_22-29-17
2025-12-02_22-29-18,0,draft.py:2025-12-02_22-29-17
2025-12-02_22-29-28,0,draft.py:2025-12-02_22-29-28
2025-12-02_22-29-29,0,draft.py:2025-12-02_22-29-28
2025-12-02_22-31-36,0,draft.py:2025-12-02_22-31-36
2025-12-02_22-32-42,80,draft.py:2025-12-02_22-32-42
2025-12-02_22-36-20,0,draft.py:2025-12-02_22-36-20
2025-12-02_22-36-28,100,draft.py:2025-12-02_22-36-28
